StartDate,EndDate,Progress,Duration (in seconds),Finished,RecordedDate,ResponseId,RecipientLastName,RecipientFirstName,RecipientEmail,ExternalReference,DistributionChannel,UserLanguage,Q1,Participant ID,Current classes,Current classes_4_TEXT,OS,Computer age,Laptop issues,Q30,Q31,Q32,R use#1_1,R use#2_1,Anxiety#1_1,Anxiety#1_2,Anxiety#2_1,Anxiety#2_2,Computing programs#1_1,Computing programs#1_2,Computing programs#1_3,Computing programs#1_4,Computing programs#2_1,Computing programs#2_2,Computing programs#2_3,Computing programs#2_4,R skills#1_1,R skills#1_2,R skills#1_3,R skills#1_4,R skills#1_5,R skills#1_6,R skills#1_7,R skills#1_8,R skills#1_9,R skills#1_10,R skills#2_1,R skills#2_2,R skills#2_3,R skills#2_4,R skills#2_5,R skills#2_6,R skills#2_7,R skills#2_8,R skills#2_9,R skills#2_10,Math skills#1_1,Math skills#1_2,Math skills#1_3,Math skills#1_4,Math skills#1_5,Math skills#1_6,Math skills#1_7,Math skills#1_8,Math skills#2_1,Math skills#2_2,Math skills#2_3,Math skills#2_4,Math skills#2_5,Math skills#2_6,Math skills#2_7,Math skills#2_8,External help_1,External help_2,External help_3,Perseverance,Computer savviness,Effort,Engagement,Future classes#1_1,Future classes#2_1,Job search,Dream job,Age,Gender,Race,Ethnicity,Major,Academic standing,Categories_1,Categories_2,Categories_3,Categories_4,High school math,High school particip
Start Date,End Date,Progress,Duration (in seconds),Finished,Recorded Date,Response ID,Recipient Last Name,Recipient First Name,Recipient Email,External Data Reference,Distribution Channel,User Language,"Thank you for taking the time to participate in this survey!

 

Title of Project: Investigating pedagogical approaches for teaching quantitative and computational skills to non-math majors

Principal Investigator: Dr. Miguel Acevedo


Please read the information below carefully before you decide to participate in this research study. Your participation is voluntary.  You can decide not to participate or later decide to stop participating at any time without penalty or lose any benefits that would normally be expected.


	Purpose of the Study: The purpose of this research study is to investigate pedagogical approaches for teaching both computational and quantitative/statistical skills to non-math major undergraduate students.



	What will you be asked to do: You will be asked to answer questions regarding your experience with R and classes with quantitative components.



	Time Required:  It will take about 15 minutes to participate in the research.



	Research Benefits:  There are no direct benefits to you for being in this study. There may be a benefit to others depending on the results of this study.



	Research Risks: There are no risks or discomforts anticipated.



	Statement of Confidentiality: Your participation in this research is confidential.   Information collected about you will be stored in computers with security passwords or in locked filing cabinets. Only certain people have the legal right to review these research records, and they will protect the secrecy (confidentiality) of these records as much as the law allows.  These people include the researchers for this study, certain University of Florida officials, and the Institutional Review Board (IRB; an IRB is a group of people who are responsible for looking after the rights and welfare of people taking part in research). Otherwise your research records will not be released without your permission unless required by law or a court order.  The researchers will not share your name or other identifiable information about you if they publish, present, or share the results this research.     



	Who to contact if you have questions: Please contact Miguel Acevedo at (352) 846-0575 with questions or concerns about this study. 



	Voluntary Participation: Your decision to be in this research is voluntary. You do not have to do any study activities that you do not want to take part in.  You can stop at any time. If you decide you want to stop participating in the research, you can let the research team know or call the Principal Investigator at any time at (352) 846-0575.   If you choose not to take part, this will have no effect on you or your relationships with the University of Florida.  If you have any questions about your rights as a research subject, you can phone the Institutional Review Board at 352-273-9600.

Participation in the research implies that you have read the information in this form and consent to take part in the research. Please save a copy of this form for your records or future reference.

If you want to participate in this research study, select ""I consent"" below.  If you do not want to participate, you may simply close this window or select ""I do not consent"" below.",What is your unique participant ID generated using this link?,Which of the following courses using R are you taking this semester? - Selected Choice,Which of the following courses using R are you taking this semester? - Other - Text,What type of operating system (OS) did you primarily use for this class?,Roughly how old is the computer you primarily used for this class?,"During this past semester, how often did problems with your primary laptop (e.g., battery life, slowness, connectivity issues, etc.) negatively impact your performance in this class?","Providing as much detail as you can, please describe how you would produce a graph for a lab report or presentation using whichever program or software you prefer if asked to do so today.",What challenges do you feel stand in your way for learning R?,What benefits do you see coming from using R or other programming languages?,Answer the following questions about your experiences with R before and after this semester. - Before this semester - How likely would you be to use R to analyze data?,Answer the following questions about your experiences with R before and after this semester. - After this semester - How likely would you be to use R to analyze data?,"  - Before this semester - How would you rate your anxiety surrounding computer programming tasks (e.g., using R)?",  - Before this semester - How would you rate your anxiety surrounding mathematical concepts and problems?,"  - After this semester - How would you rate your anxiety surrounding computer programming tasks (e.g., using R)?",  - After this semester - How would you rate your anxiety surrounding mathematical concepts and problems?,How would you rate your overall proficiency in the following programs? - Before this semester - R,"How would you rate your overall proficiency in the following programs? - Before this semester - Spreadsheets (e.g., Excel, GoogleSheets)","How would you rate your overall proficiency in the following programs? - Before this semester - Other coding languages (e.g., Python, C++, SAS, MATLAB, etc.)","How would you rate your overall proficiency in the following programs? - Before this semester - Graphical user interface-based (GUI) statistical software programs (e.g., JMP, Minitab, SPSS, etc.)",How would you rate your overall proficiency in the following programs? - After this semester - R,"How would you rate your overall proficiency in the following programs? - After this semester - Spreadsheets (e.g., Excel, GoogleSheets)","How would you rate your overall proficiency in the following programs? - After this semester - Other coding languages (e.g., Python, C++, SAS, MATLAB, etc.)","How would you rate your overall proficiency in the following programs? - After this semester - Graphical user interface-based (GUI) statistical software programs (e.g., JMP, Minitab, SPSS, etc.)",How would you rate your proficiency in the following skills in R? - Before this semester - Importing data,How would you rate your proficiency in the following skills in R? - Before this semester - Formatting data,How would you rate your proficiency in the following skills in R? - Before this semester - Plotting a figure,How would you rate your proficiency in the following skills in R? - Before this semester - Creating a for-loop,How would you rate your proficiency in the following skills in R? - Before this semester - Creating a function,How would you rate your proficiency in the following skills in R? - Before this semester - Using external packages in R,How would you rate your proficiency in the following skills in R? - Before this semester - Debugging and troubleshooting,How would you rate your proficiency in the following skills in R? - Before this semester - Annotating/documenting code,How would you rate your proficiency in the following skills in R? - Before this semester - Data summarization,How would you rate your proficiency in the following skills in R? - Before this semester - RMarkdown,How would you rate your proficiency in the following skills in R? - After this semester - Importing data,How would you rate your proficiency in the following skills in R? - After this semester - Formatting data,How would you rate your proficiency in the following skills in R? - After this semester - Plotting a figure,How would you rate your proficiency in the following skills in R? - After this semester - Creating a for-loop,How would you rate your proficiency in the following skills in R? - After this semester - Creating a function,How would you rate your proficiency in the following skills in R? - After this semester - Using external packages in R,How would you rate your proficiency in the following skills in R? - After this semester - Debugging and troubleshooting,How would you rate your proficiency in the following skills in R? - After this semester - Annotating/documenting code,How would you rate your proficiency in the following skills in R? - After this semester - Data summarization,How would you rate your proficiency in the following skills in R? - After this semester - RMarkdown,How would you rate your proficiency in the following quantitative skills? - Before this semester - Hypothesis testing and experimental design,"How would you rate your proficiency in the following quantitative skills? - Before this semester - Calculating measures of central tendency (e.g., mean, median) or variance","How would you rate your proficiency in the following quantitative skills? - Before this semester - Using statistical tests to compare means (e.g., ANOVA, t-test)",How would you rate your proficiency in the following quantitative skills? - Before this semester - Linear regression analysis,How would you rate your proficiency in the following quantitative skills? - Before this semester - Model output (parameter) interpretation,How would you rate your proficiency in the following quantitative skills? - Before this semester - Comparing fit among models,How would you rate your proficiency in the following quantitative skills? - Before this semester - Exploratory data analysis,How would you rate your proficiency in the following quantitative skills? - Before this semester - Relating ecological/biological questions to quantitative models,How would you rate your proficiency in the following quantitative skills? - After this semester - Hypothesis testing and experimental design,"How would you rate your proficiency in the following quantitative skills? - After this semester - Calculating measures of central tendency (e.g., mean, median) or variance","How would you rate your proficiency in the following quantitative skills? - After this semester - Using statistical tests to compare means (e.g., ANOVA, t-test)",How would you rate your proficiency in the following quantitative skills? - After this semester - Linear regression analysis,How would you rate your proficiency in the following quantitative skills? - After this semester - Model output (parameter) interpretation,How would you rate your proficiency in the following quantitative skills? - After this semester - Comparing fit among models,How would you rate your proficiency in the following quantitative skills? - After this semester - Exploratory data analysis,How would you rate your proficiency in the following quantitative skills? - After this semester - Relating ecological/biological questions to quantitative models,Answer the following questions about your level of ease in finding external help: - How comfortable do you feel with finding help from your classmates with R?,"Answer the following questions about your level of ease in finding external help: - How comfortable do you feel with finding help from the internet (e.g., YouTube videos, StackExchange, etc.) with R?","Answer the following questions about your level of ease in finding external help: - How comfortable do you feel using official R documentation (e.g., R help files, vignettes)?","In general, when faced with an issue in R, how long do you spend working on it before you give up trying to deal with it?","In general, how would you rate your level of technological proficiency?",How much effort was required to accomplish your level of performance in this course?,"In your opinion, in a typical week of class, how engaged were you in the course (e.g., watching/reading required material before class, attending lectures/labs, completing assignments, etc.)?",How interested are you in taking classes with quantitative content in the future? - Before this semester - How interested are you in taking classes with quantitative content in the future?,How interested are you in taking classes with quantitative content in the future? - After this semester - How interested are you in taking classes with quantitative content in the future?,To what degree do you think your R coding skills will be helpful in your future job search?,"How interested are you in a career that requires computational skills (i.e. uses R, Python, etc. regularly)?",How old are you?,How do you describe yourself?,Choose one or more races that you consider yourself to be,"Are you of Spanish, Hispanic, or Latino origin?",What is your major?,What is your current academic standing?,Indicate whether you fall into any of the following categories: - Transfer student,Indicate whether you fall into any of the following categories: - Nontraditional student,Indicate whether you fall into any of the following categories: - First generation student,Indicate whether you fall into any of the following categories: - Minority in STEM,Did your high school offer computer science/programming or advanced mathematics classes?,Did you take any computer science/programming or advanced mathematics classes in high school?
"{""ImportId"":""startDate"",""timeZone"":""America/Denver""}","{""ImportId"":""endDate"",""timeZone"":""America/Denver""}","{""ImportId"":""progress""}","{""ImportId"":""duration""}","{""ImportId"":""finished""}","{""ImportId"":""recordedDate"",""timeZone"":""America/Denver""}","{""ImportId"":""_recordId""}","{""ImportId"":""recipientLastName""}","{""ImportId"":""recipientFirstName""}","{""ImportId"":""recipientEmail""}","{""ImportId"":""externalDataReference""}","{""ImportId"":""distributionChannel""}","{""ImportId"":""userLanguage""}","{""ImportId"":""QID39""}","{""ImportId"":""QID9_TEXT""}","{""ImportId"":""QID10""}","{""ImportId"":""QID10_4_TEXT""}","{""ImportId"":""QID15""}","{""ImportId"":""QID16""}","{""ImportId"":""QID17""}","{""ImportId"":""QID35_TEXT""}","{""ImportId"":""QID36_TEXT""}","{""ImportId"":""QID37_TEXT""}","{""ImportId"":""QID23#1_1""}","{""ImportId"":""QID23#2_1""}","{""ImportId"":""QID24#1_1""}","{""ImportId"":""QID24#1_2""}","{""ImportId"":""QID24#2_1""}","{""ImportId"":""QID24#2_2""}","{""ImportId"":""QID25#1_1""}","{""ImportId"":""QID25#1_2""}","{""ImportId"":""QID25#1_3""}","{""ImportId"":""QID25#1_4""}","{""ImportId"":""QID25#2_1""}","{""ImportId"":""QID25#2_2""}","{""ImportId"":""QID25#2_3""}","{""ImportId"":""QID25#2_4""}","{""ImportId"":""QID26#1_1""}","{""ImportId"":""QID26#1_2""}","{""ImportId"":""QID26#1_3""}","{""ImportId"":""QID26#1_4""}","{""ImportId"":""QID26#1_5""}","{""ImportId"":""QID26#1_6""}","{""ImportId"":""QID26#1_7""}","{""ImportId"":""QID26#1_8""}","{""ImportId"":""QID26#1_9""}","{""ImportId"":""QID26#1_10""}","{""ImportId"":""QID26#2_1""}","{""ImportId"":""QID26#2_2""}","{""ImportId"":""QID26#2_3""}","{""ImportId"":""QID26#2_4""}","{""ImportId"":""QID26#2_5""}","{""ImportId"":""QID26#2_6""}","{""ImportId"":""QID26#2_7""}","{""ImportId"":""QID26#2_8""}","{""ImportId"":""QID26#2_9""}","{""ImportId"":""QID26#2_10""}","{""ImportId"":""QID43#1_1""}","{""ImportId"":""QID43#1_11""}","{""ImportId"":""QID43#1_12""}","{""ImportId"":""QID43#1_13""}","{""ImportId"":""QID43#1_14""}","{""ImportId"":""QID43#1_2""}","{""ImportId"":""QID43#1_3""}","{""ImportId"":""QID43#1_15""}","{""ImportId"":""QID43#2_1""}","{""ImportId"":""QID43#2_11""}","{""ImportId"":""QID43#2_12""}","{""ImportId"":""QID43#2_13""}","{""ImportId"":""QID43#2_14""}","{""ImportId"":""QID43#2_2""}","{""ImportId"":""QID43#2_3""}","{""ImportId"":""QID43#2_15""}","{""ImportId"":""QID27_1""}","{""ImportId"":""QID27_2""}","{""ImportId"":""QID27_3""}","{""ImportId"":""QID28""}","{""ImportId"":""QID44""}","{""ImportId"":""QID30""}","{""ImportId"":""QID31""}","{""ImportId"":""QID46#1_1""}","{""ImportId"":""QID46#2_1""}","{""ImportId"":""QID33""}","{""ImportId"":""QID45""}","{""ImportId"":""QID8_TEXT""}","{""ImportId"":""QID6""}","{""ImportId"":""QID3""}","{""ImportId"":""QID2""}","{""ImportId"":""QID11_TEXT""}","{""ImportId"":""QID12""}","{""ImportId"":""QID14_1""}","{""ImportId"":""QID14_2""}","{""ImportId"":""QID14_3""}","{""ImportId"":""QID14_9""}","{""ImportId"":""QID40""}","{""ImportId"":""QID41""}"
4/9/24 8:17,4/9/24 8:24,100,420,TRUE,4/9/24 8:24,R_5vkLzSzutzu4UDw,,,,,anonymous,EN,"I consent, begin the study",f8fafe21,Other,ALS 6502,Mac,2 - 4 years old,Sometimes,"I would use ggplot2 as the basis for generating most graphs, especially for bar plots. ","Especially for microbial ecology, there are plenty of tools but few ways in which to learn the statistics behind the tools. The basics have great documentation, but the more advanced statistics assumes you already have the knowledge.","R is widely used in statistics in biology. Scientific papers, colleagues, labs, and whole fields rely on R, sometimes exclusively.",Somewhat likely,Very likely,Low anxiety,High anxiety,Moderate anxiety,Very high anxiety,Slightly proficient,Slightly proficient,No proficiency,No proficiency,Moderately proficient,Slightly proficient,No proficiency,No proficiency,Slightly proficient,Slightly proficient,Moderately proficient,Slightly proficient,Slightly proficient,Very proficient,Moderately proficient,Slightly proficient,Moderately proficient,Slightly proficient,Moderately proficient,Slightly proficient,Very proficient,Slightly proficient,Slightly proficient,Extremely proficient,,Very proficient,Very proficient,Slightly proficient,Slightly proficient,Slightly proficient,Moderately proficient,Slightly proficient,Slightly proficient,No proficiency,Slightly proficient,Slightly proficient,Slightly proficient,Moderately proficient,Moderately proficient,Very proficient,Very proficient,Moderately proficient,Very proficient,Very proficient,Slightly comfortable,Very comfortable,Moderately comfortable,30 minutes - 1 hour,Slightly technologically proficient,High effort,Moderately engaged,Slightly interested,Very interested,Very helpful,Very interested,26,Male,White or Caucasian,No,Nematology,Graduate degree program,No,No,Yes,No,Yes,Yes
4/9/24 8:18,4/9/24 8:25,100,424,TRUE,4/9/24 8:25,R_1pLIiGdWYpdySND,,,,,anonymous,EN,"I consent, begin the study",c8d64cc7,Other,ALS6502,Mac,0 - 2 years old,Rarely,I would download data and use ggplot in R to construct a graph ,was not taught step by step so it was overwhelming at first (not taught by teacher at UF) ,learning tech of the future is important! ,Somewhat unlikely,Very likely,Very high anxiety,Very high anxiety,Moderate anxiety,High anxiety,Slightly proficient,Very proficient,No proficiency,No proficiency,Moderately proficient,Very proficient,No proficiency,No proficiency,Moderately proficient,Slightly proficient,Slightly proficient,No proficiency,Slightly proficient,Slightly proficient,Slightly proficient,Slightly proficient,Slightly proficient,Slightly proficient,Extremely proficient,Moderately proficient,Moderately proficient,Moderately proficient,Moderately proficient,Moderately proficient,Moderately proficient,Moderately proficient,Moderately proficient,Moderately proficient,Slightly proficient,Slightly proficient,Slightly proficient,Slightly proficient,Slightly proficient,Slightly proficient,Slightly proficient,Slightly proficient,,Moderately proficient,Moderately proficient,Moderately proficient,Moderately proficient,Moderately proficient,Moderately proficient,Moderately proficient,Moderately comfortable,Extremely comfortable,Very comfortable,30 minutes - 1 hour,Moderately technologically proficient,Moderate effort,Very engaged,Not interested,Moderately interested,Extremely helpful,Very interested,22,Female,White or Caucasian,No,medical entomology ,Graduate degree program,No,No,No,Yes,No,
4/9/24 8:18,4/9/24 8:26,100,475,TRUE,4/9/24 8:26,R_7v9fFUje2SdgzZv,,,,,anonymous,EN,"I consent, begin the study",1f291513,Other,Linear models in agriculture & natural resources,Windows,0 - 2 years old,Never,I would use ggplot in R,None,Ability to manipulate large datasets and track changes made to identify errors and adjust,Very likely,Very likely,High anxiety,High anxiety,High anxiety,High anxiety,,Moderately proficient,No proficiency,No proficiency,,Moderately proficient,No proficiency,No proficiency,Extremely proficient,Very proficient,Moderately proficient,Slightly proficient,Slightly proficient,Slightly proficient,Slightly proficient,Slightly proficient,Slightly proficient,Moderately proficient,Extremely proficient,Extremely proficient,Very proficient,Slightly proficient,Slightly proficient,Moderately proficient,Moderately proficient,Very proficient,Moderately proficient,Very proficient,Slightly proficient,Very proficient,Moderately proficient,Slightly proficient,Slightly proficient,Slightly proficient,Slightly proficient,Slightly proficient,Very proficient,Extremely proficient,Very proficient,Very proficient,Moderately proficient,Very proficient,Very proficient,Very proficient,Moderately comfortable,Moderately comfortable,Slightly comfortable,1 - 2 hours,Moderately technologically proficient,Moderate effort,Extremely engaged,Extremely interested,Extremely interested,Very helpful,Moderately interested,25,Female,Black or African American,No,Environmental Engineering Sciences,Graduate degree program,No,No,Yes,Yes,Yes,Yes
4/9/24 8:18,4/9/24 8:27,100,562,TRUE,4/9/24 8:27,R_7ieeC8aUvJdzPzS,,,,,anonymous,EN,"I consent, begin the study",15aff222,Other,Linear Models in Agriculture and Natural Resources,Windows,6+ years old,Often,I would use GGPlot ,I often struggle to apply concepts to my own research. Some concepts are easily applied while others are not.,R is definitely better for organizing and manipulating data than excel or other spreadsheet processors.,Somewhat unlikely,Very likely,Moderate anxiety,Low anxiety,Low anxiety,Low anxiety,Slightly proficient,Extremely proficient,No proficiency,Slightly proficient,Moderately proficient,Extremely proficient,No proficiency,Slightly proficient,Extremely proficient,Slightly proficient,No proficiency,No proficiency,No proficiency,Moderately proficient,Slightly proficient,Slightly proficient,Moderately proficient,No proficiency,Extremely proficient,Moderately proficient,Moderately proficient,No proficiency,Moderately proficient,Moderately proficient,Moderately proficient,Very proficient,Moderately proficient,No proficiency,Moderately proficient,Extremely proficient,Moderately proficient,Very proficient,Moderately proficient,Moderately proficient,Very proficient,Very proficient,Very proficient,Extremely proficient,Very proficient,Extremely proficient,Very proficient,Very proficient,Extremely proficient,Very proficient,Moderately comfortable,Extremely comfortable,Extremely comfortable,30 minutes - 1 hour,Very technologically proficient,High effort,Very engaged,Very interested,Very interested,Extremely helpful,Very interested,30,Male,White or Caucasian,No,"Soil, Water, Ecosystems Sciences",Graduate degree program,No,No,No,No,No,
4/9/24 8:18,4/9/24 8:28,100,599,TRUE,4/9/24 8:28,R_1hNv4HKiASj7GzD,,,,,anonymous,EN,"I consent, begin the study",2d7b4a5f,Other,Linear Models,Windows,0 - 2 years old,Rarely,"I would use the ggplot package in R and use whatever plot was appropriate for the data i.e. boxplot, etc. Or use base R and do some basic visualization. I think it would depend on the data, but my preference would be coding out something using ggplot in R. ",Time,"I see the benefit of being able to use R because it is a free software that is becoming more and more popular, meaning that it is hopefully a transferrable skill and makes data analysis and science over all more 'open'. Ideally someone with basic experience in R should be able to read my code and notations and understand the analysis I was trying to do, run that analysis, and even use parts of my code for their work if needed. ",Very likely,Very likely,Moderate anxiety,Moderate anxiety,Moderate anxiety,Moderate anxiety,Slightly proficient,Moderately proficient,Slightly proficient,No proficiency,Moderately proficient,Moderately proficient,Slightly proficient,No proficiency,Very proficient,Moderately proficient,Moderately proficient,Slightly proficient,Moderately proficient,Very proficient,Very proficient,Very proficient,Slightly proficient,Slightly proficient,Very proficient,Moderately proficient,Very proficient,Slightly proficient,Moderately proficient,Very proficient,Very proficient,Very proficient,Moderately proficient,Slightly proficient,Slightly proficient,Moderately proficient,Moderately proficient,No proficiency,Slightly proficient,Slightly proficient,Moderately proficient,Slightly proficient,Moderately proficient,Very proficient,Very proficient,Moderately proficient,Very proficient,Very proficient,Very proficient,Very proficient,Moderately comfortable,Very comfortable,Very comfortable,30 minutes - 1 hour,Moderately technologically proficient,Moderate effort,Very engaged,Very interested,Extremely interested,Moderately helpful,Moderately interested,26,Female,White or Caucasian,No,Forest Resources and Conservation,Graduate degree program,No,No,No,No,No,
4/9/24 8:18,4/9/24 8:29,100,653,TRUE,4/9/24 8:29,R_1o0kPuFdKBD3vNp,,,,,anonymous,EN,"I consent, begin the study",add496c8,Other,ALS6502C,Windows,0 - 2 years old,Rarely,I would use excel. ,"i dont know the coding language 
","it's free
R is commonly used in ecology 
there are several resources for learning r ",,Very likely,,,Very high anxiety,Moderate anxiety,No proficiency,Moderately proficient,Slightly proficient,No proficiency,Moderately proficient,Moderately proficient,Slightly proficient,No proficiency,No proficiency,No proficiency,Slightly proficient,No proficiency,No proficiency,No proficiency,No proficiency,No proficiency,No proficiency,No proficiency,Extremely proficient,Moderately proficient,Very proficient,No proficiency,Extremely proficient,Extremely proficient,Moderately proficient,Extremely proficient,Extremely proficient,No proficiency,Moderately proficient,Moderately proficient,Moderately proficient,Moderately proficient,Moderately proficient,Very proficient,Slightly proficient,Slightly proficient,Very proficient,Extremely proficient,Extremely proficient,Extremely proficient,Extremely proficient,Very proficient,Extremely proficient,Extremely proficient,Moderately comfortable,Extremely comfortable,Extremely comfortable,1 - 2 hours,Slightly technologically proficient,Moderate effort,Very engaged,,Moderately interested,Very helpful,Not interested,24,Female,Other,Yes,entomology,Graduate degree program,No,No,Yes,Yes,No,
4/9/24 8:19,4/9/24 8:29,100,612,TRUE,4/9/24 8:29,R_1CwGu4RjMQOIRbD,,,,,anonymous,EN,"I consent, begin the study",79318020,Other,ALS 6093 & ALS 6502C,Windows,2 - 4 years old,Never,Normally I would use excel because that is what I am used to.,R allows you to make some very detailed and minute changes to figures but it is not an intuitive system. It takes too many steps to move a title or legend slightly over when I could just highlight it and manually move it myself in other programs.,more detailed data analysis capabilities ,Somewhat likely,Very likely,High anxiety,Very high anxiety,High anxiety,Very high anxiety,Slightly proficient,Very proficient,No proficiency,No proficiency,Moderately proficient,Very proficient,No proficiency,No proficiency,Slightly proficient,Moderately proficient,Slightly proficient,No proficiency,No proficiency,Slightly proficient,Slightly proficient,Slightly proficient,Slightly proficient,No proficiency,Very proficient,Very proficient,Slightly proficient,No proficiency,No proficiency,Very proficient,Moderately proficient,Moderately proficient,Very proficient,No proficiency,Slightly proficient,Moderately proficient,Slightly proficient,Slightly proficient,No proficiency,No proficiency,Slightly proficient,No proficiency,Moderately proficient,Very proficient,Moderately proficient,Moderately proficient,Moderately proficient,Moderately proficient,Very proficient,Moderately proficient,Moderately comfortable,Very comfortable,Slightly comfortable,5 - 30 minutes,Moderately technologically proficient,Very high effort,Very engaged,Very interested,Very interested,Very helpful,Not interested,39,Female,Asian,Yes,Entomology,Graduate degree program,No,No,No,No,No,
4/9/24 8:18,4/9/24 8:31,100,775,TRUE,4/9/24 8:31,R_3Fem2NAQ7rCelfv,,,,,anonymous,EN,"I consent, begin the study",90ed4aea,Other,ALS6502C Linear Models in Agriculture and Natural Sciences,Mac,6+ years old,Never,I would use excel for data entry and save the completed file as a csv. Then I would use R to produce a graph of the data. ,"Zero background in statistics and computer coding. I have taken R coding classes when I first started my program, but they were only moderately helpful. Most assume some level of understanding or background in how computers communicate, which I do not have. My statistics background is very limited and trying to translate a statistical question into a computer language proves more than a little difficult. ",It provides a powerful and malleable way to examine data. ,Somewhat likely,Very likely,Very high anxiety,Very high anxiety,Moderate anxiety,High anxiety,Slightly proficient,Extremely proficient,No proficiency,No proficiency,Moderately proficient,Extremely proficient,No proficiency,No proficiency,Slightly proficient,No proficiency,No proficiency,No proficiency,No proficiency,No proficiency,No proficiency,No proficiency,No proficiency,No proficiency,Moderately proficient,Moderately proficient,Moderately proficient,No proficiency,Moderately proficient,Very proficient,Moderately proficient,Very proficient,Moderately proficient,No proficiency,Moderately proficient,Slightly proficient,No proficiency,No proficiency,No proficiency,No proficiency,No proficiency,Slightly proficient,Extremely proficient,Very proficient,Moderately proficient,Moderately proficient,Moderately proficient,Moderately proficient,Moderately proficient,Very proficient,Slightly comfortable,Slightly comfortable,Not at all comfortable,7+ hours,Not technologically proficient,Very high effort,Extremely engaged,Slightly interested,Very interested,Extremely helpful,Extremely interested,37,Female,White or Caucasian,No,Entomology,Graduate degree program,,Yes,Yes,Yes,No,
4/9/24 8:19,4/9/24 8:32,100,785,TRUE,4/9/24 8:32,R_27lLXDTc6hVZ8yO,,,,,anonymous,EN,"I consent, begin the study",4c6f5a48,Other,Linear models Ag and Natural Resources (ALS6502C,Windows,2 - 4 years old,Rarely,"Plotting histograms, box plots or scatter plots of the residuals after running your model by using gg plot package in R",Not being able to overcome some errors.,"It's easy to use R, and everything can be done. ",Neutral,Very likely,High anxiety,High anxiety,Low anxiety,Moderate anxiety,Moderately proficient,,No proficiency,No proficiency,Moderately proficient,,No proficiency,No proficiency,Very proficient,Moderately proficient,Moderately proficient,Slightly proficient,Moderately proficient,Moderately proficient,Slightly proficient,Moderately proficient,Moderately proficient,Slightly proficient,Very proficient,Moderately proficient,Very proficient,Moderately proficient,Moderately proficient,Moderately proficient,Slightly proficient,Moderately proficient,Moderately proficient,Moderately proficient,Moderately proficient,Moderately proficient,Moderately proficient,Moderately proficient,Moderately proficient,Moderately proficient,Moderately proficient,Moderately proficient,Moderately proficient,Moderately proficient,Moderately proficient,Moderately proficient,Moderately proficient,Moderately proficient,Moderately proficient,Moderately proficient,Moderately comfortable,Moderately comfortable,Moderately comfortable,2 - 7 hours,Moderately technologically proficient,Very high effort,Moderately engaged,Moderately interested,Moderately interested,Very helpful,Moderately interested,37,Female,Prefer not to say,No,Entomology,Graduate degree program,,,Yes,,No,
4/9/24 8:18,4/9/24 8:32,100,873,TRUE,4/9/24 8:33,R_3gokBKQFdkbsOgV,,,,,anonymous,EN,"I consent, begin the study",35215186,Other,ALS6502C,Windows,2 - 4 years old,Rarely,"The first program in which I think to create a graph is excel, I find the pivot table and graphs very useful. The next program I can use is R. It could be more complicated but with the right code, the graphs are very explanatory","I don't want to learn R through memorize codes. I want to understand how to interpret or what kind of model to use for specific data. Also, sometimes the error in R are frustrating, due to different versions of the packages or something in the codes",It is the correct way to analyze data and present results. It is very powerful tool if we want to publish ,Somewhat likely,Very likely,Moderate anxiety,Very low anxiety,Low anxiety,Very low anxiety,Moderately proficient,Very proficient,Slightly proficient,Slightly proficient,Very proficient,Very proficient,Slightly proficient,Slightly proficient,Extremely proficient,Moderately proficient,Moderately proficient,Slightly proficient,Moderately proficient,Very proficient,Slightly proficient,Moderately proficient,Moderately proficient,Slightly proficient,Extremely proficient,Very proficient,Very proficient,Moderately proficient,Very proficient,Very proficient,Moderately proficient,Very proficient,Very proficient,Moderately proficient,Moderately proficient,Extremely proficient,Extremely proficient,Very proficient,Very proficient,Very proficient,Moderately proficient,Slightly proficient,Very proficient,Extremely proficient,Extremely proficient,Extremely proficient,Very proficient,Very proficient,Very proficient,Moderately proficient,Slightly comfortable,Very comfortable,Moderately comfortable,2 - 7 hours,Moderately technologically proficient,Moderate effort,Extremely engaged,Slightly interested,Very interested,Extremely helpful,Moderately interested,31,Female,Other,Yes,Entomology,Graduate degree program,No,No,No,No,No,
4/9/24 8:21,4/9/24 8:33,100,705,TRUE,4/9/24 8:33,R_1CeE72WmlYhZpDq,,,,,anonymous,EN,"I consent, begin the study",733d9b08,Other,ALS 6502C Linear Models in Agriculture and Natural Resources,Windows,6+ years old,Sometimes,"I would take data outputs from R (ex. emmeans function) and create a table in excel, then use that table to create graphs. In my field, simple bar graphs are the gold standard. Making graphs in R is complicated, but it is very easy in excel.","A lot of the resources for getting help on R is very technical, even the package pages themselves. It feels very much like it was intended for statisticians and not average researchers.",R is open source and free. So there is a lot of support available.,Very likely,Very likely,High anxiety,Very high anxiety,Low anxiety,Moderate anxiety,Slightly proficient,Very proficient,No proficiency,No proficiency,Moderately proficient,Very proficient,No proficiency,No proficiency,Extremely proficient,Extremely proficient,Slightly proficient,No proficiency,Moderately proficient,Moderately proficient,Slightly proficient,Slightly proficient,Moderately proficient,No proficiency,Extremely proficient,Extremely proficient,Moderately proficient,No proficiency,Very proficient,Moderately proficient,Moderately proficient,Moderately proficient,Moderately proficient,No proficiency,Moderately proficient,Moderately proficient,Moderately proficient,Moderately proficient,Slightly proficient,No proficiency,Slightly proficient,Very proficient,Very proficient,Moderately proficient,Very proficient,Very proficient,Moderately proficient,Very proficient,Very proficient,Extremely proficient,Very comfortable,Slightly comfortable,Slightly comfortable,1 - 2 hours,Moderately technologically proficient,Low effort,Moderately engaged,Moderately interested,Moderately interested,Extremely helpful,Not interested,28,Prefer not to say,White or Caucasian,No,Entomology,Graduate degree program,No,No,No,No,Yes,Yes
4/9/24 8:19,4/9/24 8:33,100,847,TRUE,4/9/24 8:33,R_57HXSswlX5PeoId,,,,,anonymous,EN,"I consent, begin the study",9c82128f,Other,ALS6502C,Windows,2 - 4 years old,Rarely,If the data is relatively simple to make a graph for I would use excel. If the data required a more complicated graph I would use R. ,Troubleshooting and remembering when and how to use specific commands in R to get results that are meaningful. ,It is more versatile and has a strong support group in the form of forums and packages. It is also free and constantly added upon. ,Very likely,Very likely,High anxiety,Very high anxiety,Moderate anxiety,High anxiety,Slightly proficient,Slightly proficient,No proficiency,Slightly proficient,Moderately proficient,Slightly proficient,No proficiency,Slightly proficient,Slightly proficient,No proficiency,Slightly proficient,No proficiency,No proficiency,Slightly proficient,Slightly proficient,Slightly proficient,Slightly proficient,No proficiency,Extremely proficient,Very proficient,Very proficient,Slightly proficient,Slightly proficient,Extremely proficient,Moderately proficient,Moderately proficient,Very proficient,Very proficient,No proficiency,Slightly proficient,Slightly proficient,Slightly proficient,No proficiency,No proficiency,No proficiency,No proficiency,Very proficient,Very proficient,Very proficient,Very proficient,Moderately proficient,Moderately proficient,Moderately proficient,Moderately proficient,Moderately comfortable,Very comfortable,Moderately comfortable,30 minutes - 1 hour,Slightly technologically proficient,High effort,Very engaged,Not interested,Moderately interested,Extremely helpful,Slightly interested,24,Female,White or Caucasian,Yes,Entomology,Graduate degree program,No,No,No,No,I'm not sure,No
4/9/24 8:18,4/9/24 8:34,100,942,TRUE,4/9/24 8:34,R_31X35qqhj1BGUPD,,,,,anonymous,EN,"I consent, begin the study",fa3f08de,Other,ALS6502c,Windows,4 - 6 years old,Rarely,"Using R, I would use ggplot to develop a plot and code in themes to better visualize the data. For example, jitterplot, B/W, etc.",Gaining the experience to learn all that R has to offer.,Very powerful and can generate statistical data/graphs to help evaluate your project.,Very unlikely,Very likely,Moderate anxiety,Low anxiety,Very low anxiety,Low anxiety,No proficiency,Moderately proficient,No proficiency,No proficiency,Moderately proficient,Moderately proficient,No proficiency,No proficiency,No proficiency,No proficiency,No proficiency,No proficiency,No proficiency,No proficiency,No proficiency,No proficiency,No proficiency,No proficiency,Very proficient,Very proficient,Moderately proficient,No proficiency,Moderately proficient,Moderately proficient,Slightly proficient,Moderately proficient,Very proficient,No proficiency,Slightly proficient,Slightly proficient,Slightly proficient,No proficiency,No proficiency,No proficiency,Slightly proficient,No proficiency,Moderately proficient,Moderately proficient,Moderately proficient,Moderately proficient,Moderately proficient,Very proficient,Moderately proficient,Slightly proficient,Slightly comfortable,Moderately comfortable,Slightly comfortable,5 - 30 minutes,Very technologically proficient,Very high effort,Extremely engaged,Not interested,Moderately interested,Very helpful,Not interested,46,Male,"White or Caucasian,American Indian/Native American or Alaska Native",No,Entomology,Graduate degree program,No,Yes,Yes,No,Yes,No
4/9/24 8:18,4/9/24 8:37,100,1154,TRUE,4/9/24 8:37,R_334Nm7be5SPQTrb,,,,,anonymous,EN,"I consent, begin the study",e699be6d,Other,ALS6502C Linear Models in Agriculture and Natural Resources,Windows,2 - 4 years old,Rarely,"I used to use Excel, using simple arrangements. I feel confident to use R using the function ggplot for example. ","Myself, I struggle to understand stats and how to interpret data and fit the right model, which is why I take the more stats classes I can, using R or SAS","Better understanding of data interpretation and better results quality, more trustable. ",Very unlikely,Very likely,Very high anxiety,Very high anxiety,Moderate anxiety,Moderate anxiety,No proficiency,Slightly proficient,Slightly proficient,No proficiency,Moderately proficient,Slightly proficient,Slightly proficient,No proficiency,Slightly proficient,Slightly proficient,No proficiency,No proficiency,Slightly proficient,Slightly proficient,Slightly proficient,No proficiency,Slightly proficient,No proficiency,Moderately proficient,Moderately proficient,Moderately proficient,Moderately proficient,Moderately proficient,Moderately proficient,Moderately proficient,Moderately proficient,Moderately proficient,Moderately proficient,Slightly proficient,Slightly proficient,Slightly proficient,Slightly proficient,Slightly proficient,Slightly proficient,Slightly proficient,Slightly proficient,Moderately proficient,Moderately proficient,Moderately proficient,Moderately proficient,Moderately proficient,Moderately proficient,Moderately proficient,Moderately proficient,Moderately comfortable,Extremely comfortable,Very comfortable,2 - 7 hours,Slightly technologically proficient,Moderate effort,Extremely engaged,Moderately interested,Extremely interested,Extremely helpful,Very interested,29,Female,Asian,Yes,Entomology,Graduate degree program,No,No,No,No,No,
4/9/24 8:21,4/9/24 8:41,100,1173,TRUE,4/9/24 8:41,R_3EDLcf2O6MbedE3,,,,,anonymous,EN,"I consent, begin the study",a0550c73,Other,ALS6502C - Linear Models Ag Nat Resc,Windows,0 - 2 years old,Rarely,"I would use either R or Excel depending on the type of graph. If it was a boxplot, scatterplot, or graphing the means I would use R. I would make sure my data is cleaned and in a format that R could read (saved as a CSV to my jump drive). Then I would either use my laptop or the desktop at the lab to make an R file and save that to my jump drive as well. I would load in the data and use ggplot2 to make the plot. I would likely need to look up/review code to do so so I would either look at past code for other graphs I've made, or I would look at STHDA or another resource to find info on making basic plots in R. (I wish they had told me about STHDA in my stats class)",Translating the language - there are so many things you can do with it but when you first start out you cannot understand what is going on. ,Good reproducibility (easy to follow what you have done and do the same thing again). Lots of flexibility for making figures. Access to the most recent updates on statistical tests and models. ,Neutral,Very likely,Very high anxiety,High anxiety,Moderate anxiety,Moderate anxiety,Slightly proficient,Very proficient,No proficiency,Slightly proficient,Moderately proficient,Very proficient,No proficiency,Slightly proficient,Slightly proficient,Slightly proficient,No proficiency,No proficiency,Slightly proficient,Slightly proficient,No proficiency,Moderately proficient,Slightly proficient,No proficiency,Very proficient,Moderately proficient,Moderately proficient,Slightly proficient,Moderately proficient,Moderately proficient,Moderately proficient,Very proficient,Moderately proficient,No proficiency,Slightly proficient,Slightly proficient,Slightly proficient,Slightly proficient,Slightly proficient,Slightly proficient,Slightly proficient,Slightly proficient,Moderately proficient,Moderately proficient,Moderately proficient,Moderately proficient,Moderately proficient,Moderately proficient,Moderately proficient,Moderately proficient,Moderately comfortable,Moderately comfortable,Moderately comfortable,2 - 7 hours,Moderately technologically proficient,Moderate effort,Moderately engaged,Slightly interested,Moderately interested,Moderately helpful,Moderately interested,26,Female,White or Caucasian,No,Entomology,Graduate degree program,No,No,No,No,No,
4/9/24 8:21,4/9/24 8:42,100,1226,TRUE,4/9/24 8:42,R_7N4SA3eCRDRIYOx,,,,,anonymous,EN,"I consent, begin the study",57749d02,Other,ALS6502C - Linear Models Ag Nat Resc,Windows,2 - 4 years old,Sometimes,I will be using ggplot in R to produce graph.,"Sometimes the codes does not work and there is error which I do not figure out. Like little errors which might not be able to find out without looking closely which could be just a comma or a period and the code does not. I feel I know less of R code and therefore the problem arises. I feel most of my challenges is because I might not have read the theories too well, the reason for using a particular code is very much necessary and I think that is one challenge I face, which is to some extend my fault. I feel it is very important to know R code and their usage rather than just see it as a software for running a bunch of codes through memorizing.","R can be wonderful, easy to analyze and plot data. A huge data can be analyzed in a minute. Randomization can be done and if we understand how to read the result, it makes life simple. Moreover, R is free and can be shared with people through the use of the working directory where people can work on it.",,Very likely,Moderate anxiety,Moderate anxiety,Low anxiety,Moderate anxiety,Slightly proficient,Moderately proficient,No proficiency,No proficiency,Very proficient,Very proficient,No proficiency,No proficiency,Very proficient,Moderately proficient,Moderately proficient,Moderately proficient,Moderately proficient,Moderately proficient,Moderately proficient,Slightly proficient,Moderately proficient,Moderately proficient,Very proficient,Very proficient,Very proficient,Moderately proficient,,Very proficient,Very proficient,Very proficient,Very proficient,Moderately proficient,Slightly proficient,Very proficient,Slightly proficient,No proficiency,No proficiency,No proficiency,Slightly proficient,No proficiency,Very proficient,Extremely proficient,Very proficient,Very proficient,Very proficient,Very proficient,Very proficient,Very proficient,Very comfortable,Moderately comfortable,Moderately comfortable,5 - 30 minutes,Moderately technologically proficient,Moderate effort,Very engaged,Moderately interested,Extremely interested,Extremely helpful,Very interested,32,Female,Asian,No,Wildlife Ecology and Conservation,Graduate degree program,No,No,No,No,Yes,No
4/9/24 8:20,4/9/24 8:48,100,1644,TRUE,4/9/24 8:48,R_5aVjeUAi798zEVb,,,,,anonymous,EN,"I consent, begin the study",8aa8de92,Other,ALS6502C - Linear Models Ag Nat Resc,Windows,2 - 4 years old,Sometimes,"If asked to provide a graph, I would use R-studio. I still require additional help from my peers and PI, but using R-studio is somewhat easier for me to use instead of the graph/chart generators in Excel or PowerPoint. ","Currently, I haven't had a lot of time to focus on my course work. My current class using R programing is very beneficial/structured, but I do not feel I have had enough time to dedicate towards understanding some of the concepts. ","I think once someone gets familiar with R, or other programming languages, they are able to do things faster (e.g., call in data from various sources, find specific data points, etc.) than they were before. I have observed some of my more code-experienced peers do some really complex analysis/data organization through R-studio.",Somewhat unlikely,Very likely,High anxiety,Very high anxiety,Moderate anxiety,High anxiety,No proficiency,Moderately proficient,No proficiency,No proficiency,Slightly proficient,Moderately proficient,No proficiency,No proficiency,Slightly proficient,Slightly proficient,Slightly proficient,No proficiency,No proficiency,No proficiency,No proficiency,Moderately proficient,No proficiency,No proficiency,Moderately proficient,Moderately proficient,Moderately proficient,Slightly proficient,Slightly proficient,Slightly proficient,Slightly proficient,Very proficient,Slightly proficient,No proficiency,Slightly proficient,No proficiency,No proficiency,No proficiency,No proficiency,No proficiency,No proficiency,No proficiency,Slightly proficient,Slightly proficient,Slightly proficient,Slightly proficient,Slightly proficient,Slightly proficient,Slightly proficient,Slightly proficient,Slightly comfortable,Very comfortable,Moderately comfortable,30 minutes - 1 hour,Moderately technologically proficient,Moderate effort,Slightly engaged,Moderately interested,Slightly interested,Extremely helpful,Moderately interested,25,Female,Other,Yes,Entomology,Graduate degree program,No,No,Yes,Yes,I'm not sure,No