"Participant.ID","class_number","Foundational","PopEco","Quant","group_5","group_3","group_4","metric","time","score","time_numeric","student_id"
"00a378fb",1,"No Foundation","PopEco","Quant","Quant and Pop Eco","Quant and/or Pop Eco only","Advanced only","Anxiety","pre",1,0,"00a378fb"
"00a378fb",1,"No Foundation","PopEco","Quant","Quant and Pop Eco","Quant and/or Pop Eco only","Advanced only","Anxiety","post",1.5,1,"00a378fb"
"00a378fb",1,"No Foundation","PopEco","Quant","Quant and Pop Eco","Quant and/or Pop Eco only","Advanced only","Math Skills","pre",1.25,0,"00a378fb"
"00a378fb",1,"No Foundation","PopEco","Quant","Quant and Pop Eco","Quant and/or Pop Eco only","Advanced only","Math Skills","post",2.5,1,"00a378fb"
"00a378fb",1,"No Foundation","PopEco","Quant","Quant and Pop Eco","Quant and/or Pop Eco only","Advanced only","Computing","pre",2.16666666666667,0,"00a378fb"
"00a378fb",1,"No Foundation","PopEco","Quant","Quant and Pop Eco","Quant and/or Pop Eco only","Advanced only","Computing","post",3.2,1,"00a378fb"
"03729e35",1,"Foundation","No PopEco","No Quant","Foundational only","Foundational only","Foundational only","Anxiety","pre",2.5,0,"03729e35"
"03729e35",1,"Foundation","No PopEco","No Quant","Foundational only","Foundational only","Foundational only","Anxiety","post",3,1,"03729e35"
"03729e35",1,"Foundation","No PopEco","No Quant","Foundational only","Foundational only","Foundational only","Math Skills","pre",2.375,0,"03729e35"
"03729e35",1,"Foundation","No PopEco","No Quant","Foundational only","Foundational only","Foundational only","Math Skills","post",2.75,1,"03729e35"
"03729e35",1,"Foundation","No PopEco","No Quant","Foundational only","Foundational only","Foundational only","Computing","pre",2,0,"03729e35"
"03729e35",1,"Foundation","No PopEco","No Quant","Foundational only","Foundational only","Foundational only","Computing","post",3.33333333333333,1,"03729e35"
"0b417575",1,"Foundation","No PopEco","Quant","Foundational and Quant or Pop Eco","Foundational and an advanced course","Foundational concurrent with advanced","Anxiety","pre",4,0,"0b417575"
"0b417575",1,"Foundation","No PopEco","Quant","Foundational and Quant or Pop Eco","Foundational and an advanced course","Foundational concurrent with advanced","Anxiety","post",4.5,1,"0b417575"
"0b417575",1,"Foundation","No PopEco","Quant","Foundational and Quant or Pop Eco","Foundational and an advanced course","Foundational concurrent with advanced","Math Skills","pre",2.125,0,"0b417575"
"0b417575",1,"Foundation","No PopEco","Quant","Foundational and Quant or Pop Eco","Foundational and an advanced course","Foundational concurrent with advanced","Math Skills","post",3.125,1,"0b417575"
"0b417575",1,"Foundation","No PopEco","Quant","Foundational and Quant or Pop Eco","Foundational and an advanced course","Foundational concurrent with advanced","Computing","pre",1,0,"0b417575"
"0b417575",1,"Foundation","No PopEco","Quant","Foundational and Quant or Pop Eco","Foundational and an advanced course","Foundational concurrent with advanced","Computing","post",3.66666666666667,1,"0b417575"
"0bac740a",1,"Foundation","PopEco","Quant","Foundational, Quant, and Pop Eco","Foundational and an advanced course","Foundational concurrent with advanced","Anxiety","pre",1,0,"0bac740a"
"0bac740a",1,"Foundation","PopEco","Quant","Foundational, Quant, and Pop Eco","Foundational and an advanced course","Foundational concurrent with advanced","Anxiety","post",2.5,1,"0bac740a"
"0bac740a",1,"Foundation","PopEco","Quant","Foundational, Quant, and Pop Eco","Foundational and an advanced course","Foundational concurrent with advanced","Math Skills","pre",2.625,0,"0bac740a"
"0bac740a",1,"Foundation","PopEco","Quant","Foundational, Quant, and Pop Eco","Foundational and an advanced course","Foundational concurrent with advanced","Math Skills","post",2.875,1,"0bac740a"
"0bac740a",1,"Foundation","PopEco","Quant","Foundational, Quant, and Pop Eco","Foundational and an advanced course","Foundational concurrent with advanced","Computing","pre",2.16666666666667,0,"0bac740a"
"0bac740a",1,"Foundation","PopEco","Quant","Foundational, Quant, and Pop Eco","Foundational and an advanced course","Foundational concurrent with advanced","Computing","post",2.75,1,"0bac740a"
"0bac740a",2,"Foundation","PopEco","Quant","Foundational, Quant, and Pop Eco","Foundational and an advanced course","Foundational concurrent with advanced","Anxiety","pre",1,0,"0bac740a"
"0bac740a",2,"Foundation","PopEco","Quant","Foundational, Quant, and Pop Eco","Foundational and an advanced course","Foundational concurrent with advanced","Anxiety","post",1.5,1,"0bac740a"
"0bac740a",2,"Foundation","PopEco","Quant","Foundational, Quant, and Pop Eco","Foundational and an advanced course","Foundational concurrent with advanced","Math Skills","pre",2.125,0,"0bac740a"
"0bac740a",2,"Foundation","PopEco","Quant","Foundational, Quant, and Pop Eco","Foundational and an advanced course","Foundational concurrent with advanced","Math Skills","post",3.125,1,"0bac740a"
"0bac740a",2,"Foundation","PopEco","Quant","Foundational, Quant, and Pop Eco","Foundational and an advanced course","Foundational concurrent with advanced","Computing","pre",1,0,"0bac740a"
"0bac740a",2,"Foundation","PopEco","Quant","Foundational, Quant, and Pop Eco","Foundational and an advanced course","Foundational concurrent with advanced","Computing","post",2.83333333333333,1,"0bac740a"
"133752",1,"Foundation","No PopEco","No Quant","Foundational only","Foundational only","Foundational only","Anxiety","pre",3.5,0,"133752"
"133752",1,"Foundation","No PopEco","No Quant","Foundational only","Foundational only","Foundational only","Anxiety","post",4,1,"133752"
"133752",1,"Foundation","No PopEco","No Quant","Foundational only","Foundational only","Foundational only","Math Skills","pre",1.375,0,"133752"
"133752",1,"Foundation","No PopEco","No Quant","Foundational only","Foundational only","Foundational only","Math Skills","post",3.5,1,"133752"
"133752",1,"Foundation","No PopEco","No Quant","Foundational only","Foundational only","Foundational only","Computing","pre",1.16666666666667,0,"133752"
"133752",1,"Foundation","No PopEco","No Quant","Foundational only","Foundational only","Foundational only","Computing","post",4.08333333333333,1,"133752"
"14dbf9be",1,"Foundation","PopEco","Quant","Foundational, Quant, and Pop Eco","Foundational and an advanced course","Foundational concurrent with advanced","Anxiety","pre",4,0,"14dbf9be"
"14dbf9be",1,"Foundation","PopEco","Quant","Foundational, Quant, and Pop Eco","Foundational and an advanced course","Foundational concurrent with advanced","Anxiety","post",4,1,"14dbf9be"
"14dbf9be",1,"Foundation","PopEco","Quant","Foundational, Quant, and Pop Eco","Foundational and an advanced course","Foundational concurrent with advanced","Math Skills","pre",3,0,"14dbf9be"
"14dbf9be",1,"Foundation","PopEco","Quant","Foundational, Quant, and Pop Eco","Foundational and an advanced course","Foundational concurrent with advanced","Math Skills","post",3,1,"14dbf9be"
"14dbf9be",1,"Foundation","PopEco","Quant","Foundational, Quant, and Pop Eco","Foundational and an advanced course","Foundational concurrent with advanced","Computing","pre",3.08333333333333,0,"14dbf9be"
"14dbf9be",1,"Foundation","PopEco","Quant","Foundational, Quant, and Pop Eco","Foundational and an advanced course","Foundational concurrent with advanced","Computing","post",3.08333333333333,1,"14dbf9be"
"14dbf9be",2,"Foundation","PopEco","Quant","Foundational, Quant, and Pop Eco","Foundational and an advanced course","Foundational concurrent with advanced","Anxiety","pre",3.5,0,"14dbf9be"
"14dbf9be",2,"Foundation","PopEco","Quant","Foundational, Quant, and Pop Eco","Foundational and an advanced course","Foundational concurrent with advanced","Anxiety","post",4.5,1,"14dbf9be"
"14dbf9be",2,"Foundation","PopEco","Quant","Foundational, Quant, and Pop Eco","Foundational and an advanced course","Foundational concurrent with advanced","Math Skills","pre",1.625,0,"14dbf9be"
"14dbf9be",2,"Foundation","PopEco","Quant","Foundational, Quant, and Pop Eco","Foundational and an advanced course","Foundational concurrent with advanced","Math Skills","post",3.125,1,"14dbf9be"
"14dbf9be",2,"Foundation","PopEco","Quant","Foundational, Quant, and Pop Eco","Foundational and an advanced course","Foundational concurrent with advanced","Computing","pre",1.58333333333333,0,"14dbf9be"
"14dbf9be",2,"Foundation","PopEco","Quant","Foundational, Quant, and Pop Eco","Foundational and an advanced course","Foundational concurrent with advanced","Computing","post",3.91666666666667,1,"14dbf9be"
"1eeb4ea7",1,"No Foundation","PopEco","Quant","Quant and Pop Eco","Quant and/or Pop Eco only","Advanced only","Anxiety","pre",4,0,"1eeb4ea7"
"1eeb4ea7",1,"No Foundation","PopEco","Quant","Quant and Pop Eco","Quant and/or Pop Eco only","Advanced only","Anxiety","post",4.5,1,"1eeb4ea7"
"1eeb4ea7",1,"No Foundation","PopEco","Quant","Quant and Pop Eco","Quant and/or Pop Eco only","Advanced only","Math Skills","pre",2.5,0,"1eeb4ea7"
"1eeb4ea7",1,"No Foundation","PopEco","Quant","Quant and Pop Eco","Quant and/or Pop Eco only","Advanced only","Math Skills","post",3.875,1,"1eeb4ea7"
"1eeb4ea7",1,"No Foundation","PopEco","Quant","Quant and Pop Eco","Quant and/or Pop Eco only","Advanced only","Computing","pre",2.91666666666667,0,"1eeb4ea7"
"1eeb4ea7",1,"No Foundation","PopEco","Quant","Quant and Pop Eco","Quant and/or Pop Eco only","Advanced only","Computing","post",3.75,1,"1eeb4ea7"
"22192819",1,"No Foundation","PopEco","Quant","Quant and Pop Eco","Quant and/or Pop Eco only","Advanced only","Anxiety","pre",2,0,"22192819"
"22192819",1,"No Foundation","PopEco","Quant","Quant and Pop Eco","Quant and/or Pop Eco only","Advanced only","Anxiety","post",3.5,1,"22192819"
"22192819",1,"No Foundation","PopEco","Quant","Quant and Pop Eco","Quant and/or Pop Eco only","Advanced only","Math Skills","pre",2.75,0,"22192819"
"22192819",1,"No Foundation","PopEco","Quant","Quant and Pop Eco","Quant and/or Pop Eco only","Advanced only","Math Skills","post",3.75,1,"22192819"
"22192819",1,"No Foundation","PopEco","Quant","Quant and Pop Eco","Quant and/or Pop Eco only","Advanced only","Computing","pre",1.75,0,"22192819"
"22192819",1,"No Foundation","PopEco","Quant","Quant and Pop Eco","Quant and/or Pop Eco only","Advanced only","Computing","post",2.91666666666667,1,"22192819"
"22660ef5",1,"No Foundation","No PopEco","Quant",NA,"Quant and/or Pop Eco only","Advanced only","Anxiety","pre",3.5,0,"22660ef5"
"22660ef5",1,"No Foundation","No PopEco","Quant",NA,"Quant and/or Pop Eco only","Advanced only","Anxiety","post",4,1,"22660ef5"
"22660ef5",1,"No Foundation","No PopEco","Quant",NA,"Quant and/or Pop Eco only","Advanced only","Math Skills","pre",2.625,0,"22660ef5"
"22660ef5",1,"No Foundation","No PopEco","Quant",NA,"Quant and/or Pop Eco only","Advanced only","Math Skills","post",4,1,"22660ef5"
"22660ef5",1,"No Foundation","No PopEco","Quant",NA,"Quant and/or Pop Eco only","Advanced only","Computing","pre",1,0,"22660ef5"
"22660ef5",1,"No Foundation","No PopEco","Quant",NA,"Quant and/or Pop Eco only","Advanced only","Computing","post",3.25,1,"22660ef5"
"24ef6bbc",1,"No Foundation","PopEco","Quant","Quant and Pop Eco","Quant and/or Pop Eco only","Advanced only","Anxiety","pre",2,0,"24ef6bbc"
"24ef6bbc",1,"No Foundation","PopEco","Quant","Quant and Pop Eco","Quant and/or Pop Eco only","Advanced only","Anxiety","post",2.5,1,"24ef6bbc"
"24ef6bbc",1,"No Foundation","PopEco","Quant","Quant and Pop Eco","Quant and/or Pop Eco only","Advanced only","Math Skills","pre",3,0,"24ef6bbc"
"24ef6bbc",1,"No Foundation","PopEco","Quant","Quant and Pop Eco","Quant and/or Pop Eco only","Advanced only","Math Skills","post",3.625,1,"24ef6bbc"
"24ef6bbc",1,"No Foundation","PopEco","Quant","Quant and Pop Eco","Quant and/or Pop Eco only","Advanced only","Computing","pre",2.91666666666667,0,"24ef6bbc"
"24ef6bbc",1,"No Foundation","PopEco","Quant","Quant and Pop Eco","Quant and/or Pop Eco only","Advanced only","Computing","post",3.41666666666667,1,"24ef6bbc"
"24ef6bbc",2,"No Foundation","PopEco","Quant","Quant and Pop Eco","Quant and/or Pop Eco only","Advanced only","Anxiety","pre",1.5,0,"24ef6bbc"
"24ef6bbc",2,"No Foundation","PopEco","Quant","Quant and Pop Eco","Quant and/or Pop Eco only","Advanced only","Anxiety","post",2.5,1,"24ef6bbc"
"24ef6bbc",2,"No Foundation","PopEco","Quant","Quant and Pop Eco","Quant and/or Pop Eco only","Advanced only","Math Skills","pre",2.75,0,"24ef6bbc"
"24ef6bbc",2,"No Foundation","PopEco","Quant","Quant and Pop Eco","Quant and/or Pop Eco only","Advanced only","Math Skills","post",3.375,1,"24ef6bbc"
"24ef6bbc",2,"No Foundation","PopEco","Quant","Quant and Pop Eco","Quant and/or Pop Eco only","Advanced only","Computing","pre",2.66666666666667,0,"24ef6bbc"
"24ef6bbc",2,"No Foundation","PopEco","Quant","Quant and Pop Eco","Quant and/or Pop Eco only","Advanced only","Computing","post",3.16666666666667,1,"24ef6bbc"
"30e0cd63",1,"Foundation","No PopEco","Quant","Foundational and Quant or Pop Eco","Foundational and an advanced course","None","Anxiety","pre",4,0,"30e0cd63"
"30e0cd63",1,"Foundation","No PopEco","Quant","Foundational and Quant or Pop Eco","Foundational and an advanced course","None","Anxiety","post",4.5,1,"30e0cd63"
"30e0cd63",1,"Foundation","No PopEco","Quant","Foundational and Quant or Pop Eco","Foundational and an advanced course","None","Math Skills","pre",4.75,0,"30e0cd63"
"30e0cd63",1,"Foundation","No PopEco","Quant","Foundational and Quant or Pop Eco","Foundational and an advanced course","None","Math Skills","post",4.875,1,"30e0cd63"
"30e0cd63",1,"Foundation","No PopEco","Quant","Foundational and Quant or Pop Eco","Foundational and an advanced course","None","Computing","pre",4.5,0,"30e0cd63"
"30e0cd63",1,"Foundation","No PopEco","Quant","Foundational and Quant or Pop Eco","Foundational and an advanced course","None","Computing","post",4.75,1,"30e0cd63"
"328dda81",1,"Foundation","No PopEco","Quant","Foundational and Quant or Pop Eco","Foundational and an advanced course","Foundational concurrent with advanced","Anxiety","pre",3,0,"328dda81"
"328dda81",1,"Foundation","No PopEco","Quant","Foundational and Quant or Pop Eco","Foundational and an advanced course","Foundational concurrent with advanced","Anxiety","post",5,1,"328dda81"
"328dda81",1,"Foundation","No PopEco","Quant","Foundational and Quant or Pop Eco","Foundational and an advanced course","Foundational concurrent with advanced","Math Skills","pre",1.375,0,"328dda81"
"328dda81",1,"Foundation","No PopEco","Quant","Foundational and Quant or Pop Eco","Foundational and an advanced course","Foundational concurrent with advanced","Math Skills","post",3.5,1,"328dda81"
"328dda81",1,"Foundation","No PopEco","Quant","Foundational and Quant or Pop Eco","Foundational and an advanced course","Foundational concurrent with advanced","Computing","pre",1,0,"328dda81"
"328dda81",1,"Foundation","No PopEco","Quant","Foundational and Quant or Pop Eco","Foundational and an advanced course","Foundational concurrent with advanced","Computing","post",4.25,1,"328dda81"
"38321992",1,"Foundation","No PopEco","Quant","Foundational and Quant or Pop Eco","Foundational and an advanced course","Foundational before advanced","Anxiety","pre",2,0,"38321992"
"38321992",1,"Foundation","No PopEco","Quant","Foundational and Quant or Pop Eco","Foundational and an advanced course","Foundational before advanced","Anxiety","post",3.5,1,"38321992"
"38321992",1,"Foundation","No PopEco","Quant","Foundational and Quant or Pop Eco","Foundational and an advanced course","Foundational before advanced","Math Skills","pre",2.25,0,"38321992"
"38321992",1,"Foundation","No PopEco","Quant","Foundational and Quant or Pop Eco","Foundational and an advanced course","Foundational before advanced","Math Skills","post",3.625,1,"38321992"
"38321992",1,"Foundation","No PopEco","Quant","Foundational and Quant or Pop Eco","Foundational and an advanced course","Foundational before advanced","Computing","pre",2.5,0,"38321992"
"38321992",1,"Foundation","No PopEco","Quant","Foundational and Quant or Pop Eco","Foundational and an advanced course","Foundational before advanced","Computing","post",3.58333333333333,1,"38321992"
"398f5a9b",1,"Foundation","No PopEco","No Quant","Foundational only","Foundational only","Foundational only","Anxiety","pre",2.5,0,"398f5a9b"
"398f5a9b",1,"Foundation","No PopEco","No Quant","Foundational only","Foundational only","Foundational only","Anxiety","post",3,1,"398f5a9b"
"398f5a9b",1,"Foundation","No PopEco","No Quant","Foundational only","Foundational only","Foundational only","Math Skills","pre",2.375,0,"398f5a9b"
"398f5a9b",1,"Foundation","No PopEco","No Quant","Foundational only","Foundational only","Foundational only","Math Skills","post",2.5,1,"398f5a9b"
"398f5a9b",1,"Foundation","No PopEco","No Quant","Foundational only","Foundational only","Foundational only","Computing","pre",1.45454545454545,0,"398f5a9b"
"398f5a9b",1,"Foundation","No PopEco","No Quant","Foundational only","Foundational only","Foundational only","Computing","post",3.18181818181818,1,"398f5a9b"
"3d22f136",1,"No Foundation","No PopEco","Quant",NA,"Quant and/or Pop Eco only","Advanced only","Anxiety","pre",3,0,"3d22f136"
"3d22f136",1,"No Foundation","No PopEco","Quant",NA,"Quant and/or Pop Eco only","Advanced only","Anxiety","post",4,1,"3d22f136"
"3d22f136",1,"No Foundation","No PopEco","Quant",NA,"Quant and/or Pop Eco only","Advanced only","Math Skills","pre",1.75,0,"3d22f136"
"3d22f136",1,"No Foundation","No PopEco","Quant",NA,"Quant and/or Pop Eco only","Advanced only","Math Skills","post",3.125,1,"3d22f136"
"3d22f136",1,"No Foundation","No PopEco","Quant",NA,"Quant and/or Pop Eco only","Advanced only","Computing","pre",1.91666666666667,0,"3d22f136"
"3d22f136",1,"No Foundation","No PopEco","Quant",NA,"Quant and/or Pop Eco only","Advanced only","Computing","post",3.08333333333333,1,"3d22f136"
"44391174",1,"No Foundation","No PopEco","Quant",NA,"Quant and/or Pop Eco only","Advanced only","Anxiety","pre",2,0,"44391174"
"44391174",1,"No Foundation","No PopEco","Quant",NA,"Quant and/or Pop Eco only","Advanced only","Anxiety","post",4,1,"44391174"
"44391174",1,"No Foundation","No PopEco","Quant",NA,"Quant and/or Pop Eco only","Advanced only","Math Skills","pre",1.625,0,"44391174"
"44391174",1,"No Foundation","No PopEco","Quant",NA,"Quant and/or Pop Eco only","Advanced only","Math Skills","post",3,1,"44391174"
"44391174",1,"No Foundation","No PopEco","Quant",NA,"Quant and/or Pop Eco only","Advanced only","Computing","pre",1.08333333333333,0,"44391174"
"44391174",1,"No Foundation","No PopEco","Quant",NA,"Quant and/or Pop Eco only","Advanced only","Computing","post",3.66666666666667,1,"44391174"
"4f500035",1,"Foundation","No PopEco","No Quant","Foundational only","Foundational only","Foundational only","Anxiety","pre",3,0,"4f500035"
"4f500035",1,"Foundation","No PopEco","No Quant","Foundational only","Foundational only","Foundational only","Anxiety","post",4.5,1,"4f500035"
"4f500035",1,"Foundation","No PopEco","No Quant","Foundational only","Foundational only","Foundational only","Math Skills","pre",2.875,0,"4f500035"
"4f500035",1,"Foundation","No PopEco","No Quant","Foundational only","Foundational only","Foundational only","Math Skills","post",3.5,1,"4f500035"
"4f500035",1,"Foundation","No PopEco","No Quant","Foundational only","Foundational only","Foundational only","Computing","pre",1,0,"4f500035"
"4f500035",1,"Foundation","No PopEco","No Quant","Foundational only","Foundational only","Foundational only","Computing","post",4.25,1,"4f500035"
"5432ef61",1,"Foundation","No PopEco","No Quant","Foundational only","Foundational only","Foundational only","Anxiety","pre",2.5,0,"5432ef61"
"5432ef61",1,"Foundation","No PopEco","No Quant","Foundational only","Foundational only","Foundational only","Anxiety","post",4,1,"5432ef61"
"5432ef61",1,"Foundation","No PopEco","No Quant","Foundational only","Foundational only","Foundational only","Math Skills","pre",2.375,0,"5432ef61"
"5432ef61",1,"Foundation","No PopEco","No Quant","Foundational only","Foundational only","Foundational only","Math Skills","post",3.375,1,"5432ef61"
"5432ef61",1,"Foundation","No PopEco","No Quant","Foundational only","Foundational only","Foundational only","Computing","pre",1.5,0,"5432ef61"
"5432ef61",1,"Foundation","No PopEco","No Quant","Foundational only","Foundational only","Foundational only","Computing","post",3.33333333333333,1,"5432ef61"
"5d3d9aa0",1,"No Foundation","No PopEco","Quant",NA,"Quant and/or Pop Eco only","Advanced only","Anxiety","pre",2.5,0,"5d3d9aa0"
"5d3d9aa0",1,"No Foundation","No PopEco","Quant",NA,"Quant and/or Pop Eco only","Advanced only","Anxiety","post",4,1,"5d3d9aa0"
"5d3d9aa0",1,"No Foundation","No PopEco","Quant",NA,"Quant and/or Pop Eco only","Advanced only","Math Skills","pre",3.875,0,"5d3d9aa0"
"5d3d9aa0",1,"No Foundation","No PopEco","Quant",NA,"Quant and/or Pop Eco only","Advanced only","Math Skills","post",4.625,1,"5d3d9aa0"
"5d3d9aa0",1,"No Foundation","No PopEco","Quant",NA,"Quant and/or Pop Eco only","Advanced only","Computing","pre",2.33333333333333,0,"5d3d9aa0"
"5d3d9aa0",1,"No Foundation","No PopEco","Quant",NA,"Quant and/or Pop Eco only","Advanced only","Computing","post",3.25,1,"5d3d9aa0"
"66c48d9a",1,"Foundation","PopEco","Quant","Foundational, Quant, and Pop Eco","Foundational and an advanced course","Foundational before advanced","Anxiety","pre",1.5,0,"66c48d9a"
"66c48d9a",1,"Foundation","PopEco","Quant","Foundational, Quant, and Pop Eco","Foundational and an advanced course","Foundational before advanced","Anxiety","post",3,1,"66c48d9a"
"66c48d9a",1,"Foundation","PopEco","Quant","Foundational, Quant, and Pop Eco","Foundational and an advanced course","Foundational before advanced","Math Skills","pre",1.25,0,"66c48d9a"
"66c48d9a",1,"Foundation","PopEco","Quant","Foundational, Quant, and Pop Eco","Foundational and an advanced course","Foundational before advanced","Math Skills","post",3,1,"66c48d9a"
"66c48d9a",1,"Foundation","PopEco","Quant","Foundational, Quant, and Pop Eco","Foundational and an advanced course","Foundational before advanced","Computing","pre",2.16666666666667,0,"66c48d9a"
"66c48d9a",1,"Foundation","PopEco","Quant","Foundational, Quant, and Pop Eco","Foundational and an advanced course","Foundational before advanced","Computing","post",3.08333333333333,1,"66c48d9a"
"66c48d9a",2,"Foundation","PopEco","Quant","Foundational, Quant, and Pop Eco","Foundational and an advanced course","Foundational before advanced","Anxiety","pre",1,0,"66c48d9a"
"66c48d9a",2,"Foundation","PopEco","Quant","Foundational, Quant, and Pop Eco","Foundational and an advanced course","Foundational before advanced","Anxiety","post",2.5,1,"66c48d9a"
"66c48d9a",2,"Foundation","PopEco","Quant","Foundational, Quant, and Pop Eco","Foundational and an advanced course","Foundational before advanced","Math Skills","pre",1.75,0,"66c48d9a"
"66c48d9a",2,"Foundation","PopEco","Quant","Foundational, Quant, and Pop Eco","Foundational and an advanced course","Foundational before advanced","Math Skills","post",2.25,1,"66c48d9a"
"66c48d9a",2,"Foundation","PopEco","Quant","Foundational, Quant, and Pop Eco","Foundational and an advanced course","Foundational before advanced","Computing","pre",1.41666666666667,0,"66c48d9a"
"66c48d9a",2,"Foundation","PopEco","Quant","Foundational, Quant, and Pop Eco","Foundational and an advanced course","Foundational before advanced","Computing","post",2.91666666666667,1,"66c48d9a"
"683fd65d",1,"No Foundation","No PopEco","Quant",NA,"Quant and/or Pop Eco only","Advanced only","Anxiety","pre",3,0,"683fd65d"
"683fd65d",1,"No Foundation","No PopEco","Quant",NA,"Quant and/or Pop Eco only","Advanced only","Anxiety","post",4,1,"683fd65d"
"683fd65d",1,"No Foundation","No PopEco","Quant",NA,"Quant and/or Pop Eco only","Advanced only","Math Skills","pre",3,0,"683fd65d"
"683fd65d",1,"No Foundation","No PopEco","Quant",NA,"Quant and/or Pop Eco only","Advanced only","Math Skills","post",3.75,1,"683fd65d"
"683fd65d",1,"No Foundation","No PopEco","Quant",NA,"Quant and/or Pop Eco only","Advanced only","Computing","pre",1,0,"683fd65d"
"683fd65d",1,"No Foundation","No PopEco","Quant",NA,"Quant and/or Pop Eco only","Advanced only","Computing","post",2.83333333333333,1,"683fd65d"
"69375565",1,"Foundation","No PopEco","No Quant","Foundational only","Foundational only","Foundational only","Anxiety","pre",2.5,0,"69375565"
"69375565",1,"Foundation","No PopEco","No Quant","Foundational only","Foundational only","Foundational only","Anxiety","post",3.5,1,"69375565"
"69375565",1,"Foundation","No PopEco","No Quant","Foundational only","Foundational only","Foundational only","Math Skills","pre",2.125,0,"69375565"
"69375565",1,"Foundation","No PopEco","No Quant","Foundational only","Foundational only","Foundational only","Math Skills","post",3,1,"69375565"
"69375565",1,"Foundation","No PopEco","No Quant","Foundational only","Foundational only","Foundational only","Computing","pre",1,0,"69375565"
"69375565",1,"Foundation","No PopEco","No Quant","Foundational only","Foundational only","Foundational only","Computing","post",2.16666666666667,1,"69375565"
"6c882239",1,"Foundation","No PopEco","No Quant","Foundational only","Foundational only","Foundational only","Anxiety","pre",2.5,0,"6c882239"
"6c882239",1,"Foundation","No PopEco","No Quant","Foundational only","Foundational only","Foundational only","Anxiety","post",4,1,"6c882239"
"6c882239",1,"Foundation","No PopEco","No Quant","Foundational only","Foundational only","Foundational only","Math Skills","pre",4.25,0,"6c882239"
"6c882239",1,"Foundation","No PopEco","No Quant","Foundational only","Foundational only","Foundational only","Math Skills","post",4.25,1,"6c882239"
"6c882239",1,"Foundation","No PopEco","No Quant","Foundational only","Foundational only","Foundational only","Computing","pre",1,0,"6c882239"
"6c882239",1,"Foundation","No PopEco","No Quant","Foundational only","Foundational only","Foundational only","Computing","post",4.5,1,"6c882239"
"754765b8",1,"Foundation","PopEco","Quant","Foundational, Quant, and Pop Eco","Foundational and an advanced course","Foundational before advanced","Anxiety","pre",4,0,"754765b8"
"754765b8",1,"Foundation","PopEco","Quant","Foundational, Quant, and Pop Eco","Foundational and an advanced course","Foundational before advanced","Anxiety","post",4,1,"754765b8"
"754765b8",1,"Foundation","PopEco","Quant","Foundational, Quant, and Pop Eco","Foundational and an advanced course","Foundational before advanced","Math Skills","pre",2,0,"754765b8"
"754765b8",1,"Foundation","PopEco","Quant","Foundational, Quant, and Pop Eco","Foundational and an advanced course","Foundational before advanced","Math Skills","post",3,1,"754765b8"
"754765b8",1,"Foundation","PopEco","Quant","Foundational, Quant, and Pop Eco","Foundational and an advanced course","Foundational before advanced","Computing","pre",2,0,"754765b8"
"754765b8",1,"Foundation","PopEco","Quant","Foundational, Quant, and Pop Eco","Foundational and an advanced course","Foundational before advanced","Computing","post",3.66666666666667,1,"754765b8"
"83352107",1,"Foundation","No PopEco","No Quant","Foundational only","Foundational only","Foundational only","Anxiety","pre",2.5,0,"83352107"
"83352107",1,"Foundation","No PopEco","No Quant","Foundational only","Foundational only","Foundational only","Anxiety","post",3.5,1,"83352107"
"83352107",1,"Foundation","No PopEco","No Quant","Foundational only","Foundational only","Foundational only","Math Skills","pre",2.125,0,"83352107"
"83352107",1,"Foundation","No PopEco","No Quant","Foundational only","Foundational only","Foundational only","Math Skills","post",3.625,1,"83352107"
"83352107",1,"Foundation","No PopEco","No Quant","Foundational only","Foundational only","Foundational only","Computing","pre",1.08333333333333,0,"83352107"
"83352107",1,"Foundation","No PopEco","No Quant","Foundational only","Foundational only","Foundational only","Computing","post",3.83333333333333,1,"83352107"
"8447d712",1,"No Foundation","No PopEco","Quant",NA,"Quant and/or Pop Eco only","Advanced only","Anxiety","pre",2,0,"8447d712"
"8447d712",1,"No Foundation","No PopEco","Quant",NA,"Quant and/or Pop Eco only","Advanced only","Anxiety","post",3.5,1,"8447d712"
"8447d712",1,"No Foundation","No PopEco","Quant",NA,"Quant and/or Pop Eco only","Advanced only","Computing","pre",1,0,"8447d712"
"8447d712",1,"No Foundation","No PopEco","Quant",NA,"Quant and/or Pop Eco only","Advanced only","Computing","post",3,1,"8447d712"
"84b2cd17",1,"No Foundation","PopEco","Quant","Quant and Pop Eco","Quant and/or Pop Eco only","Advanced only","Anxiety","pre",3.5,0,"84b2cd17"
"84b2cd17",1,"No Foundation","PopEco","Quant","Quant and Pop Eco","Quant and/or Pop Eco only","Advanced only","Anxiety","post",3,1,"84b2cd17"
"84b2cd17",1,"No Foundation","PopEco","Quant","Quant and Pop Eco","Quant and/or Pop Eco only","Advanced only","Math Skills","pre",1.5,0,"84b2cd17"
"84b2cd17",1,"No Foundation","PopEco","Quant","Quant and Pop Eco","Quant and/or Pop Eco only","Advanced only","Math Skills","post",4,1,"84b2cd17"
"84b2cd17",1,"No Foundation","PopEco","Quant","Quant and Pop Eco","Quant and/or Pop Eco only","Advanced only","Computing","pre",1,0,"84b2cd17"
"84b2cd17",1,"No Foundation","PopEco","Quant","Quant and Pop Eco","Quant and/or Pop Eco only","Advanced only","Computing","post",3.83333333333333,1,"84b2cd17"
"89184849",1,"No Foundation","No PopEco","Quant",NA,"Quant and/or Pop Eco only","Advanced only","Anxiety","pre",1.5,0,"89184849"
"89184849",1,"No Foundation","No PopEco","Quant",NA,"Quant and/or Pop Eco only","Advanced only","Anxiety","post",3,1,"89184849"
"89184849",1,"No Foundation","No PopEco","Quant",NA,"Quant and/or Pop Eco only","Advanced only","Math Skills","pre",1.875,0,"89184849"
"89184849",1,"No Foundation","No PopEco","Quant",NA,"Quant and/or Pop Eco only","Advanced only","Math Skills","post",3.875,1,"89184849"
"89184849",1,"No Foundation","No PopEco","Quant",NA,"Quant and/or Pop Eco only","Advanced only","Computing","pre",1.5,0,"89184849"
"89184849",1,"No Foundation","No PopEco","Quant",NA,"Quant and/or Pop Eco only","Advanced only","Computing","post",3.5,1,"89184849"
"89943458",1,"No Foundation","No PopEco","Quant",NA,"Quant and/or Pop Eco only","Advanced only","Anxiety","pre",1.5,0,"89943458"
"89943458",1,"No Foundation","No PopEco","Quant",NA,"Quant and/or Pop Eco only","Advanced only","Anxiety","post",3.5,1,"89943458"
"89943458",1,"No Foundation","No PopEco","Quant",NA,"Quant and/or Pop Eco only","Advanced only","Math Skills","pre",1.625,0,"89943458"
"89943458",1,"No Foundation","No PopEco","Quant",NA,"Quant and/or Pop Eco only","Advanced only","Math Skills","post",3.375,1,"89943458"
"89943458",1,"No Foundation","No PopEco","Quant",NA,"Quant and/or Pop Eco only","Advanced only","Computing","pre",1.66666666666667,0,"89943458"
"89943458",1,"No Foundation","No PopEco","Quant",NA,"Quant and/or Pop Eco only","Advanced only","Computing","post",3.25,1,"89943458"
"8d3608bf",1,"Foundation","No PopEco","No Quant","Foundational only","Foundational only","Foundational only","Anxiety","pre",3,0,"8d3608bf"
"8d3608bf",1,"Foundation","No PopEco","No Quant","Foundational only","Foundational only","Foundational only","Anxiety","post",3.5,1,"8d3608bf"
"8d3608bf",1,"Foundation","No PopEco","No Quant","Foundational only","Foundational only","Foundational only","Math Skills","pre",3.375,0,"8d3608bf"
"8d3608bf",1,"Foundation","No PopEco","No Quant","Foundational only","Foundational only","Foundational only","Math Skills","post",3.5,1,"8d3608bf"
"8d3608bf",1,"Foundation","No PopEco","No Quant","Foundational only","Foundational only","Foundational only","Computing","pre",1.91666666666667,0,"8d3608bf"
"8d3608bf",1,"Foundation","No PopEco","No Quant","Foundational only","Foundational only","Foundational only","Computing","post",3.91666666666667,1,"8d3608bf"
"91165484",1,"Foundation","No PopEco","No Quant","Foundational only","Foundational only","Foundational only","Anxiety","pre",3,0,"91165484"
"91165484",1,"Foundation","No PopEco","No Quant","Foundational only","Foundational only","Foundational only","Anxiety","post",4.5,1,"91165484"
"91165484",1,"Foundation","No PopEco","No Quant","Foundational only","Foundational only","Foundational only","Math Skills","pre",2.125,0,"91165484"
"91165484",1,"Foundation","No PopEco","No Quant","Foundational only","Foundational only","Foundational only","Math Skills","post",2.5,1,"91165484"
"91165484",1,"Foundation","No PopEco","No Quant","Foundational only","Foundational only","Foundational only","Computing","pre",2.58333333333333,0,"91165484"
"91165484",1,"Foundation","No PopEco","No Quant","Foundational only","Foundational only","Foundational only","Computing","post",4.58333333333333,1,"91165484"
"946b4590",1,"No Foundation","No PopEco","Quant",NA,"Quant and/or Pop Eco only","Advanced only","Anxiety","pre",2,0,"946b4590"
"946b4590",1,"No Foundation","No PopEco","Quant",NA,"Quant and/or Pop Eco only","Advanced only","Anxiety","post",2,1,"946b4590"
"946b4590",1,"No Foundation","No PopEco","Quant",NA,"Quant and/or Pop Eco only","Advanced only","Math Skills","pre",1.625,0,"946b4590"
"946b4590",1,"No Foundation","No PopEco","Quant",NA,"Quant and/or Pop Eco only","Advanced only","Math Skills","post",2.75,1,"946b4590"
"946b4590",1,"No Foundation","No PopEco","Quant",NA,"Quant and/or Pop Eco only","Advanced only","Computing","pre",1.08333333333333,0,"946b4590"
"946b4590",1,"No Foundation","No PopEco","Quant",NA,"Quant and/or Pop Eco only","Advanced only","Computing","post",2.33333333333333,1,"946b4590"
"bc57748c",1,"No Foundation","No PopEco","Quant",NA,"Quant and/or Pop Eco only","Advanced only","Anxiety","pre",2.5,0,"bc57748c"
"bc57748c",1,"No Foundation","No PopEco","Quant",NA,"Quant and/or Pop Eco only","Advanced only","Anxiety","post",2.5,1,"bc57748c"
"bc57748c",1,"No Foundation","No PopEco","Quant",NA,"Quant and/or Pop Eco only","Advanced only","Math Skills","pre",2.75,0,"bc57748c"
"bc57748c",1,"No Foundation","No PopEco","Quant",NA,"Quant and/or Pop Eco only","Advanced only","Math Skills","post",3.5,1,"bc57748c"
"bc57748c",1,"No Foundation","No PopEco","Quant",NA,"Quant and/or Pop Eco only","Advanced only","Computing","pre",1,0,"bc57748c"
"bc57748c",1,"No Foundation","No PopEco","Quant",NA,"Quant and/or Pop Eco only","Advanced only","Computing","post",2.75,1,"bc57748c"
"bee230f3",1,"Foundation","PopEco","No Quant","Foundational and Quant or Pop Eco","Foundational and an advanced course","Foundational concurrent with advanced","Anxiety","pre",2.5,0,"bee230f3"
"bee230f3",1,"Foundation","PopEco","No Quant","Foundational and Quant or Pop Eco","Foundational and an advanced course","Foundational concurrent with advanced","Anxiety","post",4.5,1,"bee230f3"
"bee230f3",1,"Foundation","PopEco","No Quant","Foundational and Quant or Pop Eco","Foundational and an advanced course","Foundational concurrent with advanced","Math Skills","pre",2.75,0,"bee230f3"
"bee230f3",1,"Foundation","PopEco","No Quant","Foundational and Quant or Pop Eco","Foundational and an advanced course","Foundational concurrent with advanced","Math Skills","post",4,1,"bee230f3"
"bee230f3",1,"Foundation","PopEco","No Quant","Foundational and Quant or Pop Eco","Foundational and an advanced course","Foundational concurrent with advanced","Computing","pre",2.41666666666667,0,"bee230f3"
"bee230f3",1,"Foundation","PopEco","No Quant","Foundational and Quant or Pop Eco","Foundational and an advanced course","Foundational concurrent with advanced","Computing","post",3.91666666666667,1,"bee230f3"
"c162606b",2,"No Foundation","PopEco","Quant","Quant and Pop Eco","Quant and/or Pop Eco only","Advanced only","Anxiety","pre",3,0,"c162606b"
"c162606b",2,"No Foundation","PopEco","Quant","Quant and Pop Eco","Quant and/or Pop Eco only","Advanced only","Anxiety","post",3.5,1,"c162606b"
"c162606b",2,"No Foundation","PopEco","Quant","Quant and Pop Eco","Quant and/or Pop Eco only","Advanced only","Math Skills","pre",2.75,0,"c162606b"
"c162606b",2,"No Foundation","PopEco","Quant","Quant and Pop Eco","Quant and/or Pop Eco only","Advanced only","Math Skills","post",4.375,1,"c162606b"
"c162606b",2,"No Foundation","PopEco","Quant","Quant and Pop Eco","Quant and/or Pop Eco only","Advanced only","Computing","pre",2.33333333333333,0,"c162606b"
"c162606b",2,"No Foundation","PopEco","Quant","Quant and Pop Eco","Quant and/or Pop Eco only","Advanced only","Computing","post",3.75,1,"c162606b"
"c5119a87",1,"Foundation","PopEco","No Quant","Foundational and Quant or Pop Eco","Foundational and an advanced course","Foundational concurrent with advanced","Anxiety","pre",3,0,"c5119a87"
"c5119a87",1,"Foundation","PopEco","No Quant","Foundational and Quant or Pop Eco","Foundational and an advanced course","Foundational concurrent with advanced","Anxiety","post",4,1,"c5119a87"
"c5119a87",1,"Foundation","PopEco","No Quant","Foundational and Quant or Pop Eco","Foundational and an advanced course","Foundational concurrent with advanced","Math Skills","pre",3.5,0,"c5119a87"
"c5119a87",1,"Foundation","PopEco","No Quant","Foundational and Quant or Pop Eco","Foundational and an advanced course","Foundational concurrent with advanced","Math Skills","post",4.25,1,"c5119a87"
"c5119a87",1,"Foundation","PopEco","No Quant","Foundational and Quant or Pop Eco","Foundational and an advanced course","Foundational concurrent with advanced","Computing","pre",2.66666666666667,0,"c5119a87"
"c5119a87",1,"Foundation","PopEco","No Quant","Foundational and Quant or Pop Eco","Foundational and an advanced course","Foundational concurrent with advanced","Computing","post",3.91666666666667,1,"c5119a87"
"cbec6f92",1,"No Foundation","PopEco","Quant","Quant and Pop Eco","Quant and/or Pop Eco only","Advanced only","Anxiety","pre",3,0,"cbec6f92"
"cbec6f92",1,"No Foundation","PopEco","Quant","Quant and Pop Eco","Quant and/or Pop Eco only","Advanced only","Anxiety","post",3,1,"cbec6f92"
"cbec6f92",1,"No Foundation","PopEco","Quant","Quant and Pop Eco","Quant and/or Pop Eco only","Advanced only","Math Skills","pre",2.25,0,"cbec6f92"
"cbec6f92",1,"No Foundation","PopEco","Quant","Quant and Pop Eco","Quant and/or Pop Eco only","Advanced only","Math Skills","post",2.5,1,"cbec6f92"
"cbec6f92",1,"No Foundation","PopEco","Quant","Quant and Pop Eco","Quant and/or Pop Eco only","Advanced only","Computing","pre",2.33333333333333,0,"cbec6f92"
"cbec6f92",1,"No Foundation","PopEco","Quant","Quant and Pop Eco","Quant and/or Pop Eco only","Advanced only","Computing","post",2.66666666666667,1,"cbec6f92"
"cbee50e6",1,"No Foundation","No PopEco","Quant",NA,"Quant and/or Pop Eco only","Advanced only","Anxiety","pre",1,0,"cbee50e6"
"cbee50e6",1,"No Foundation","No PopEco","Quant",NA,"Quant and/or Pop Eco only","Advanced only","Anxiety","post",3,1,"cbee50e6"
"cbee50e6",1,"No Foundation","No PopEco","Quant",NA,"Quant and/or Pop Eco only","Advanced only","Math Skills","pre",1.75,0,"cbee50e6"
"cbee50e6",1,"No Foundation","No PopEco","Quant",NA,"Quant and/or Pop Eco only","Advanced only","Math Skills","post",3.125,1,"cbee50e6"
"cbee50e6",1,"No Foundation","No PopEco","Quant",NA,"Quant and/or Pop Eco only","Advanced only","Computing","pre",1,0,"cbee50e6"
"cbee50e6",1,"No Foundation","No PopEco","Quant",NA,"Quant and/or Pop Eco only","Advanced only","Computing","post",2.66666666666667,1,"cbee50e6"
"d7b08ae3",1,"No Foundation","No PopEco","Quant",NA,"Quant and/or Pop Eco only","Advanced only","Anxiety","pre",1,0,"d7b08ae3"
"d7b08ae3",1,"No Foundation","No PopEco","Quant",NA,"Quant and/or Pop Eco only","Advanced only","Anxiety","post",3,1,"d7b08ae3"
"d7b08ae3",1,"No Foundation","No PopEco","Quant",NA,"Quant and/or Pop Eco only","Advanced only","Math Skills","pre",1.625,0,"d7b08ae3"
"d7b08ae3",1,"No Foundation","No PopEco","Quant",NA,"Quant and/or Pop Eco only","Advanced only","Math Skills","post",3.5,1,"d7b08ae3"
"d7b08ae3",1,"No Foundation","No PopEco","Quant",NA,"Quant and/or Pop Eco only","Advanced only","Computing","pre",1.5,0,"d7b08ae3"
"d7b08ae3",1,"No Foundation","No PopEco","Quant",NA,"Quant and/or Pop Eco only","Advanced only","Computing","post",2.91666666666667,1,"d7b08ae3"
"e4aa8261",1,"Foundation","No PopEco","No Quant","Foundational only","Foundational only","Foundational only","Anxiety","pre",2,0,"e4aa8261"
"e4aa8261",1,"Foundation","No PopEco","No Quant","Foundational only","Foundational only","Foundational only","Anxiety","post",2,1,"e4aa8261"
"e4aa8261",1,"Foundation","No PopEco","No Quant","Foundational only","Foundational only","Foundational only","Math Skills","pre",1.5,0,"e4aa8261"
"e4aa8261",1,"Foundation","No PopEco","No Quant","Foundational only","Foundational only","Foundational only","Math Skills","post",2,1,"e4aa8261"
"e4aa8261",1,"Foundation","No PopEco","No Quant","Foundational only","Foundational only","Foundational only","Computing","pre",1.08333333333333,0,"e4aa8261"
"e4aa8261",1,"Foundation","No PopEco","No Quant","Foundational only","Foundational only","Foundational only","Computing","post",2.75,1,"e4aa8261"
"e51ef7ce",1,"Foundation","No PopEco","No Quant","Foundational only","Foundational only","Foundational only","Anxiety","pre",2.5,0,"e51ef7ce"
"e51ef7ce",1,"Foundation","No PopEco","No Quant","Foundational only","Foundational only","Foundational only","Anxiety","post",3.5,1,"e51ef7ce"
"e51ef7ce",1,"Foundation","No PopEco","No Quant","Foundational only","Foundational only","Foundational only","Math Skills","pre",4,0,"e51ef7ce"
"e51ef7ce",1,"Foundation","No PopEco","No Quant","Foundational only","Foundational only","Foundational only","Math Skills","post",4.125,1,"e51ef7ce"
"e51ef7ce",1,"Foundation","No PopEco","No Quant","Foundational only","Foundational only","Foundational only","Computing","pre",1,0,"e51ef7ce"
"e51ef7ce",1,"Foundation","No PopEco","No Quant","Foundational only","Foundational only","Foundational only","Computing","post",4,1,"e51ef7ce"
"e629def9",1,"Foundation","No PopEco","No Quant","Foundational only","Foundational only","Foundational only","Anxiety","pre",1,0,"e629def9"
"e629def9",1,"Foundation","No PopEco","No Quant","Foundational only","Foundational only","Foundational only","Anxiety","post",3,1,"e629def9"
"e629def9",1,"Foundation","No PopEco","No Quant","Foundational only","Foundational only","Foundational only","Math Skills","pre",1.125,0,"e629def9"
"e629def9",1,"Foundation","No PopEco","No Quant","Foundational only","Foundational only","Foundational only","Math Skills","post",1.875,1,"e629def9"
"e629def9",1,"Foundation","No PopEco","No Quant","Foundational only","Foundational only","Foundational only","Computing","pre",1,0,"e629def9"
"e629def9",1,"Foundation","No PopEco","No Quant","Foundational only","Foundational only","Foundational only","Computing","post",2.58333333333333,1,"e629def9"
"eab4aff7",1,"Foundation","No PopEco","No Quant","Foundational only","Foundational only","Foundational only","Anxiety","pre",3,0,"eab4aff7"
"eab4aff7",1,"Foundation","No PopEco","No Quant","Foundational only","Foundational only","Foundational only","Anxiety","post",4,1,"eab4aff7"
"eab4aff7",1,"Foundation","No PopEco","No Quant","Foundational only","Foundational only","Foundational only","Math Skills","pre",1.875,0,"eab4aff7"
"eab4aff7",1,"Foundation","No PopEco","No Quant","Foundational only","Foundational only","Foundational only","Math Skills","post",3.375,1,"eab4aff7"
"eab4aff7",1,"Foundation","No PopEco","No Quant","Foundational only","Foundational only","Foundational only","Computing","pre",2,0,"eab4aff7"
"eab4aff7",1,"Foundation","No PopEco","No Quant","Foundational only","Foundational only","Foundational only","Computing","post",3.66666666666667,1,"eab4aff7"
"f3cf9d00",2,"No Foundation","PopEco","Quant","Quant and Pop Eco","Quant and/or Pop Eco only","Advanced only","Anxiety","pre",4.5,0,"f3cf9d00"
"f3cf9d00",2,"No Foundation","PopEco","Quant","Quant and Pop Eco","Quant and/or Pop Eco only","Advanced only","Anxiety","post",5,1,"f3cf9d00"
"f3cf9d00",2,"No Foundation","PopEco","Quant","Quant and Pop Eco","Quant and/or Pop Eco only","Advanced only","Math Skills","pre",3,0,"f3cf9d00"
"f3cf9d00",2,"No Foundation","PopEco","Quant","Quant and Pop Eco","Quant and/or Pop Eco only","Advanced only","Math Skills","post",4.25,1,"f3cf9d00"
"f3cf9d00",2,"No Foundation","PopEco","Quant","Quant and Pop Eco","Quant and/or Pop Eco only","Advanced only","Computing","pre",1,0,"f3cf9d00"
"f3cf9d00",2,"No Foundation","PopEco","Quant","Quant and Pop Eco","Quant and/or Pop Eco only","Advanced only","Computing","post",4,1,"f3cf9d00"
